{
    "persona_7684": {
        "influence": 0.856443146790486
    },
    "Nova Critic": {
        "influence": 0.9315218420397906
    }
}